Cash Five,9,21,2018,24,26,1,14,5
Cash Five,9,22,2018,25,1,24,14,27
Cash Five,9,24,2018,15,20,8,16,35
Cash Five,9,25,2018,27,11,24,5,6
Cash Five,9,26,2018,18,9,14,5,8
Cash Five,9,27,2018,29,9,22,23,15
Cash Five,9,28,2018,30,10,32,2,23
Cash Five,9,29,2018,30,10,35,9,13
Cash Five,10,1,2018,17,16,11,21,31
Cash Five,10,2,2018,19,31,5,32,29
Cash Five,10,3,2018,3,16,35,27,8
Cash Five,10,4,2018,16,15,29,30,22
Cash Five,10,5,2018,15,11,13,3,4
Cash Five,10,6,2018,4,24,23,10,17
Cash Five,10,8,2018,32,8,12,15,18
Cash Five,10,9,2018,30,34,15,22,26
Cash Five,10,10,2018,6,26,3,18,23
Cash Five,10,11,2018,22,21,11,15,26
Cash Five,10,12,2018,4,5,16,11,23
Cash Five,10,13,2018,23,26,4,14,24
Cash Five,10,15,2018,30,4,29,6,24
Cash Five,10,16,2018,19,10,30,22,8
Cash Five,10,17,2018,26,23,3,12,32
Cash Five,10,18,2018,1,5,24,27,21
Cash Five,10,19,2018,27,21,25,29,31
Cash Five,10,20,2018,23,25,33,1,24
Cash Five,10,22,2018,4,11,9,32,26
Cash Five,10,23,2018,23,8,29,5,25
Cash Five,10,24,2018,27,35,11,28,21
Cash Five,10,25,2018,20,35,33,28,8
Cash Five,10,26,2018,25,15,3,16,4
Cash Five,10,27,2018,22,10,15,6,20
Cash Five,10,29,2018,27,19,24,14,3
Cash Five,10,30,2018,29,35,11,14,18
Cash Five,10,31,2018,27,13,21,14,34
Cash Five,11,1,2018,9,5,25,33,28
Cash Five,11,2,2018,4,5,11,16,7
Cash Five,11,3,2018,22,35,15,19,7
Cash Five,11,5,2018,16,1,15,3,12
Cash Five,11,6,2018,14,4,15,13,11
Cash Five,11,7,2018,22,34,19,31,15
Cash Five,11,8,2018,31,18,1,23,28
Cash Five,11,9,2018,17,28,24,34,33
Cash Five,11,10,2018,15,9,31,24,17
Cash Five,11,12,2018,12,2,20,25,30
Cash Five,11,13,2018,29,8,25,33,2
Cash Five,11,14,2018,33,9,27,25,28
Cash Five,11,15,2018,22,14,27,30,5
Cash Five,11,16,2018,4,1,23,22,35
Cash Five,11,17,2018,10,8,29,22,33
Cash Five,11,19,2018,4,9,21,33,10
Cash Five,11,20,2018,7,23,2,27,28
Cash Five,11,21,2018,13,1,32,23,22
Cash Five,11,22,2018,26,20,11,27,23
Cash Five,11,23,2018,23,5,14,33,6
Cash Five,11,24,2018,17,26,34,28,22
Cash Five,11,26,2018,19,15,3,21,7
Cash Five,11,27,2018,17,7,8,22,3
Cash Five,11,28,2018,2,21,29,34,14
Cash Five,11,29,2018,23,7,25,17,10
Cash Five,11,30,2018,28,1,20,7,17
Cash Five,12,1,2018,31,6,33,19,27
Cash Five,12,3,2018,3,32,21,17,25
Cash Five,12,4,2018,30,34,13,3,24
Cash Five,12,5,2018,15,32,19,21,16
Cash Five,12,6,2018,34,26,2,12,14
Cash Five,12,7,2018,22,20,14,17,23
Cash Five,12,8,2018,11,3,16,1,20
Cash Five,12,10,2018,14,12,26,6,32
Cash Five,12,11,2018,8,24,17,30,20
Cash Five,12,12,2018,27,8,15,34,21
Cash Five,12,13,2018,32,33,6,14,10
Cash Five,12,14,2018,20,7,22,23,4
Cash Five,12,15,2018,19,21,6,12,29
Cash Five,12,17,2018,4,26,9,23,35
Cash Five,12,18,2018,15,17,11,4,20
Cash Five,12,19,2018,35,21,11,30,25
Cash Five,12,20,2018,28,3,12,22,10
Cash Five,12,21,2018,17,26,7,33,11
Cash Five,12,22,2018,15,3,4,29,26
Cash Five,12,24,2018,8,7,22,30,28
Cash Five,12,25,2018,2,6,16,22,4
Cash Five,12,26,2018,13,10,7,19,21
Cash Five,12,27,2018,16,3,12,13,1
Cash Five,12,28,2018,35,7,16,10,33
Cash Five,12,29,2018,7,32,14,3,19
Cash Five,12,31,2018,17,15,4,14,28
Cash Five,1,1,2019,10,18,21,34,22
Cash Five,1,2,2019,13,20,26,16,1
Cash Five,1,3,2019,5,11,14,34,18
Cash Five,1,4,2019,20,27,25,2,3
Cash Five,1,5,2019,9,26,24,34,7
Cash Five,1,7,2019,8,25,24,29,6
Cash Five,1,8,2019,6,23,4,29,11
Cash Five,1,9,2019,1,18,7,33,29
Cash Five,1,10,2019,13,28,31,10,26
Cash Five,1,11,2019,15,25,3,12,19
Cash Five,1,12,2019,34,14,26,33,27
Cash Five,1,14,2019,12,7,10,32,6
Cash Five,1,15,2019,26,4,16,8,35
Cash Five,1,16,2019,20,3,25,10,11
Cash Five,1,17,2019,4,11,34,33,16
Cash Five,1,18,2019,4,10,15,34,21
Cash Five,1,19,2019,8,7,22,33,9
Cash Five,1,21,2019,5,14,29,16,19
Cash Five,1,22,2019,3,21,18,30,19
Cash Five,1,23,2019,1,35,19,12,6
Cash Five,1,24,2019,21,27,12,35,28
Cash Five,1,25,2019,21,14,13,16,25
Cash Five,1,26,2019,32,18,1,31,33
Cash Five,1,28,2019,35,15,30,17,26
Cash Five,1,29,2019,6,7,17,28,23
Cash Five,1,30,2019,8,7,29,34,17
Cash Five,1,31,2019,2,35,31,21,28
Cash Five,2,1,2019,6,17,21,11,22
Cash Five,2,2,2019,12,32,21,3,33
Cash Five,2,4,2019,29,14,12,35,22
Cash Five,2,5,2019,12,13,24,19,16
Cash Five,2,6,2019,18,27,4,3,34
Cash Five,2,7,2019,17,7,35,31,27
Cash Five,2,8,2019,18,29,4,3,33
Cash Five,2,9,2019,25,19,10,24,32
Cash Five,2,11,2019,12,22,10,7,29
Cash Five,2,12,2019,4,1,9,25,18
Cash Five,2,13,2019,23,28,16,19,2
Cash Five,2,14,2019,8,17,21,23,14
Cash Five,2,15,2019,8,3,31,28,25
Cash Five,2,16,2019,31,18,13,11,30
Cash Five,2,18,2019,3,14,26,34,19
Cash Five,2,19,2019,25,14,1,35,19
Cash Five,2,20,2019,29,16,26,5,14
Cash Five,2,21,2019,33,22,26,19,27
Cash Five,2,22,2019,32,6,14,4,1
Cash Five,2,23,2019,28,27,3,13,7
Cash Five,2,25,2019,15,14,29,34,4
Cash Five,2,26,2019,2,19,28,33,6
Cash Five,2,27,2019,13,19,34,26,1
Cash Five,2,28,2019,12,34,4,5,2
Cash Five,3,1,2019,14,26,17,29,24
Cash Five,3,2,2019,6,19,15,32,1
Cash Five,3,4,2019,25,7,17,16,29
Cash Five,3,5,2019,17,8,25,3,29
Cash Five,3,6,2019,11,33,34,29,15
Cash Five,3,7,2019,29,23,17,5,18
Cash Five,3,8,2019,17,26,1,29,23
Cash Five,3,9,2019,5,14,34,9,10
Cash Five,3,11,2019,24,10,6,21,13
Cash Five,3,12,2019,19,27,22,15,26
Cash Five,3,13,2019,20,15,19,3,2
Cash Five,3,14,2019,28,7,26,35,5
Cash Five,3,15,2019,35,34,29,4,9
Cash Five,3,16,2019,24,17,8,12,9
Cash Five,3,18,2019,30,33,24,5,6
Cash Five,3,19,2019,16,25,10,19,1
Cash Five,3,20,2019,29,3,32,27,19
Cash Five,3,21,2019,8,30,18,9,11
Cash Five,3,22,2019,6,32,5,20,21
Cash Five,3,23,2019,34,4,30,13,25
Cash Five,3,25,2019,16,7,20,27,8
Cash Five,3,26,2019,30,2,19,24,20
Cash Five,3,27,2019,9,7,2,29,28
Cash Five,3,28,2019,14,21,17,24,12
Cash Five,3,29,2019,11,19,13,33,5
Cash Five,3,30,2019,10,31,6,33,9
Cash Five,4,1,2019,30,4,20,6,15
Cash Five,4,2,2019,7,20,21,9,11
Cash Five,4,3,2019,4,35,21,17,8
Cash Five,4,4,2019,32,2,12,20,7
Cash Five,4,5,2019,33,27,22,6,25
Cash Five,4,6,2019,10,19,26,29,31
Cash Five,4,8,2019,28,24,1,35,4
Cash Five,4,9,2019,16,10,30,29,31
Cash Five,4,10,2019,17,20,23,27,18
Cash Five,4,11,2019,16,4,23,9,33
Cash Five,4,12,2019,24,13,12,1,22
Cash Five,4,13,2019,29,20,21,24,4
Cash Five,4,15,2019,26,32,4,8,7
Cash Five,4,16,2019,4,1,20,33,21
Cash Five,4,17,2019,32,19,14,35,2
Cash Five,4,18,2019,25,26,17,28,2
Cash Five,4,19,2019,4,10,7,8,27
Cash Five,4,20,2019,27,33,13,10,4
Cash Five,4,22,2019,32,28,33,16,29
Cash Five,4,23,2019,3,17,5,23,12
Cash Five,4,24,2019,31,23,12,22,28
Cash Five,4,25,2019,9,30,3,15,24
Cash Five,4,26,2019,1,16,33,17,32
Cash Five,4,27,2019,17,35,20,29,23
Cash Five,4,29,2019,25,33,3,6,9
Cash Five,4,30,2019,29,6,4,23,18
Cash Five,5,1,2019,15,9,20,8,13
Cash Five,5,2,2019,25,26,35,2,24
Cash Five,5,3,2019,20,19,23,32,29
Cash Five,5,4,2019,6,1,5,13,31
Cash Five,5,6,2019,3,10,25,2,28
Cash Five,5,7,2019,11,21,16,10,23
Cash Five,5,8,2019,3,33,30,25,10
Cash Five,5,9,2019,31,21,27,28,25
Cash Five,5,10,2019,17,29,15,7,26
Cash Five,5,11,2019,21,4,30,34,8
Cash Five,5,13,2019,28,16,23,18,34
Cash Five,5,14,2019,32,30,14,11,22
Cash Five,5,15,2019,2,29,24,17,28
Cash Five,5,16,2019,23,27,35,19,17
Cash Five,5,17,2019,5,25,23,35,17
Cash Five,5,18,2019,33,25,3,7,9
Cash Five,5,20,2019,11,16,6,1,10
Cash Five,5,21,2019,17,3,12,31,30
Cash Five,5,22,2019,6,31,16,11,34
Cash Five,5,23,2019,30,20,33,25,24
Cash Five,5,24,2019,9,18,34,7,31
Cash Five,5,25,2019,18,5,22,3,23
Cash Five,5,27,2019,30,33,2,25,23
Cash Five,5,28,2019,7,13,35,26,2
Cash Five,5,29,2019,12,8,20,3,10
Cash Five,5,30,2019,6,13,7,30,27
Cash Five,5,31,2019,35,19,30,7,6
Cash Five,6,1,2019,18,22,26,16,8
Cash Five,6,3,2019,3,2,26,28,22
Cash Five,6,4,2019,18,20,27,19,7
Cash Five,6,5,2019,35,12,13,14,19
Cash Five,6,6,2019,19,33,15,29,26
Cash Five,6,7,2019,29,10,17,8,21
Cash Five,6,8,2019,9,30,12,11,23
Cash Five,6,10,2019,23,14,6,29,11
Cash Five,6,11,2019,19,9,16,28,32
Cash Five,6,12,2019,19,22,4,5,3
Cash Five,6,13,2019,5,21,35,25,34
Cash Five,6,14,2019,28,6,22,8,16
Cash Five,6,15,2019,20,29,17,34,27
Cash Five,6,17,2019,29,23,1,30,26
Cash Five,6,18,2019,22,9,17,26,20
Cash Five,6,19,2019,24,35,6,33,9
Cash Five,6,20,2019,35,15,20,34,29
Cash Five,6,21,2019,16,21,6,4,10
Cash Five,6,22,2019,17,2,19,18,32
Cash Five,6,24,2019,30,35,1,13,4
Cash Five,6,25,2019,1,13,14,32,33
Cash Five,6,26,2019,32,7,17,22,33
Cash Five,6,27,2019,25,23,13,12,7
Cash Five,6,28,2019,4,19,1,20,33
Cash Five,6,29,2019,11,35,24,17,2
Cash Five,7,1,2019,21,30,19,7,18
Cash Five,7,2,2019,11,20,17,31,35
Cash Five,7,3,2019,5,3,8,25,9
Cash Five,7,4,2019,29,26,20,9,2
Cash Five,7,5,2019,35,10,1,26,21
Cash Five,7,6,2019,30,26,4,14,24
Cash Five,7,8,2019,34,21,23,6,16
Cash Five,7,9,2019,3,23,30,29,22
Cash Five,7,10,2019,1,2,27,10,25
Cash Five,7,11,2019,9,35,16,21,34
Cash Five,7,12,2019,2,26,25,23,15
Cash Five,7,13,2019,31,8,18,25,14
Cash Five,7,15,2019,16,32,23,8,3
Cash Five,7,16,2019,1,17,10,21,2
Cash Five,7,17,2019,7,16,4,34,11
Cash Five,7,18,2019,32,18,10,9,20
Cash Five,7,19,2019,8,28,17,4,15
Cash Five,7,20,2019,30,26,7,28,21
Cash Five,7,22,2019,25,33,32,27,35
Cash Five,7,23,2019,1,26,4,30,18
Cash Five,7,24,2019,32,13,28,30,16
Cash Five,7,25,2019,32,22,12,27,26
Cash Five,7,26,2019,19,28,13,14,25
Cash Five,7,27,2019,27,7,24,23,2
Cash Five,7,29,2019,18,2,16,35,5
Cash Five,7,30,2019,15,9,8,2,32
Cash Five,7,31,2019,8,34,14,5,12
Cash Five,8,1,2019,24,9,8,33,18
Cash Five,8,2,2019,5,24,13,12,22
Cash Five,8,3,2019,1,3,27,23,25
Cash Five,8,5,2019,34,30,2,29,12
Cash Five,8,6,2019,33,16,9,8,6
Cash Five,8,7,2019,31,26,29,1,22
Cash Five,8,8,2019,32,18,25,10,34
Cash Five,8,9,2019,10,32,18,7,27
Cash Five,8,10,2019,3,31,23,14,10
Cash Five,8,12,2019,24,11,23,10,25
Cash Five,8,13,2019,26,21,10,8,5
Cash Five,8,14,2019,29,9,16,31,6
Cash Five,8,15,2019,30,32,20,23,24
Cash Five,8,16,2019,32,30,6,23,34
Cash Five,8,17,2019,5,11,1,7,30
Cash Five,8,19,2019,24,4,31,33,10
Cash Five,8,20,2019,30,9,34,8,14
Cash Five,8,21,2019,4,34,11,18,30
Cash Five,8,22,2019,17,8,13,10,15
Cash Five,8,23,2019,14,31,15,9,20
Cash Five,8,24,2019,34,3,32,14,31
Cash Five,8,26,2019,4,5,26,24,10
Cash Five,8,27,2019,4,31,34,18,24
Cash Five,8,28,2019,28,26,34,11,1
Cash Five,8,29,2019,24,28,30,5,9
Cash Five,8,30,2019,28,29,34,32,1
Cash Five,8,31,2019,22,19,1,10,6
Cash Five,9,2,2019,14,1,9,11,17
Cash Five,9,3,2019,22,9,6,16,3
Cash Five,9,4,2019,14,26,35,16,21
Cash Five,9,5,2019,1,13,12,18,7
Cash Five,9,6,2019,17,32,9,29,15
Cash Five,9,7,2019,12,24,3,22,29
Cash Five,9,9,2019,10,6,25,16,11
Cash Five,9,10,2019,22,10,28,1,29
Cash Five,9,11,2019,6,5,18,24,30
Cash Five,9,12,2019,3,29,9,32,8
Cash Five,9,13,2019,9,32,5,20,19
Cash Five,9,14,2019,6,10,34,28,18
Cash Five,9,16,2019,10,13,26,11,8
Cash Five,9,17,2019,14,27,8,5,31
Cash Five,9,18,2019,4,34,6,31,13
Cash Five,9,19,2019,31,25,29,23,11
Cash Five,9,20,2019,34,15,8,6,9
Cash Five,9,21,2019,5,19,17,9,29
Cash Five,9,23,2019,24,12,13,15,32
Cash Five,9,24,2019,26,35,1,20,9
Cash Five,9,25,2019,16,32,30,24,28
Cash Five,9,26,2019,17,26,16,30,4
Cash Five,9,27,2019,15,33,2,31,34
Cash Five,9,28,2019,21,9,17,26,3
Cash Five,9,30,2019,26,18,12,30,8
Cash Five,10,1,2019,30,24,13,33,8
Cash Five,10,2,2019,35,12,6,32,18
Cash Five,10,3,2019,9,21,34,3,2
Cash Five,10,4,2019,16,10,11,8,5
Cash Five,10,5,2019,2,14,9,32,25
Cash Five,10,7,2019,31,4,11,25,28
Cash Five,10,8,2019,34,3,7,28,6
Cash Five,10,9,2019,7,1,17,34,29
Cash Five,10,10,2019,16,15,21,12,19
Cash Five,10,11,2019,23,11,25,21,35
Cash Five,10,12,2019,30,9,17,3,11
Cash Five,10,14,2019,17,28,16,5,11
Cash Five,10,15,2019,23,5,13,28,15
Cash Five,10,16,2019,22,33,16,1,14
Cash Five,10,17,2019,23,24,12,1,21
Cash Five,10,18,2019,25,33,23,14,16
Cash Five,10,19,2019,28,23,20,16,29
Cash Five,10,21,2019,31,27,33,18,8
Cash Five,10,22,2019,35,32,25,4,13
Cash Five,10,23,2019,8,10,34,19,1
Cash Five,10,24,2019,10,7,35,28,16
Cash Five,10,25,2019,10,25,28,1,35
Cash Five,10,26,2019,28,12,33,31,11
Cash Five,10,28,2019,16,13,8,23,14
Cash Five,10,29,2019,23,13,34,19,27
Cash Five,10,30,2019,32,10,26,18,12
Cash Five,10,31,2019,6,25,35,30,32
Cash Five,11,1,2019,6,35,15,2,22
Cash Five,11,2,2019,34,23,26,13,8
Cash Five,11,4,2019,17,12,29,9,27
Cash Five,11,5,2019,26,21,22,20,35
Cash Five,11,6,2019,24,35,22,23,15
Cash Five,11,7,2019,12,3,18,9,24
Cash Five,11,8,2019,18,24,32,34,11
Cash Five,11,9,2019,10,14,26,7,9
Cash Five,11,11,2019,16,12,14,22,18
Cash Five,11,12,2019,19,12,1,3,18
Cash Five,11,13,2019,9,23,10,33,4
Cash Five,11,14,2019,8,9,24,18,21
Cash Five,11,15,2019,20,14,28,17,24
Cash Five,11,16,2019,13,31,18,1,12
Cash Five,11,18,2019,32,16,27,11,33
Cash Five,11,19,2019,33,7,8,21,11
Cash Five,11,20,2019,25,2,35,20,28
Cash Five,11,21,2019,8,4,34,35,13
Cash Five,11,22,2019,13,7,6,31,22
Cash Five,11,23,2019,6,33,5,32,18
Cash Five,11,25,2019,15,28,16,22,34
Cash Five,11,26,2019,35,2,7,1,34
Cash Five,11,27,2019,4,2,26,11,33
Cash Five,11,28,2019,19,14,22,27,31
Cash Five,11,29,2019,26,18,10,33,30
Cash Five,11,30,2019,28,12,35,20,23
Cash Five,12,2,2019,35,32,7,12,10
Cash Five,12,3,2019,10,30,12,32,2
Cash Five,12,4,2019,10,6,31,14,18
Cash Five,12,5,2019,5,22,6,13,26
Cash Five,12,6,2019,18,28,25,31,13
Cash Five,12,7,2019,13,30,25,24,17
Cash Five,12,9,2019,25,17,27,26,35
Cash Five,12,10,2019,33,27,5,2,16
Cash Five,12,11,2019,11,8,24,5,23
Cash Five,12,12,2019,23,25,14,6,31
Cash Five,12,13,2019,10,13,18,16,21
Cash Five,12,14,2019,20,11,17,24,29
Cash Five,12,16,2019,4,19,23,32,15
Cash Five,12,17,2019,31,32,6,1,7
Cash Five,12,18,2019,32,10,31,20,21
Cash Five,12,19,2019,19,7,24,10,32
Cash Five,12,20,2019,31,7,28,10,29
Cash Five,12,21,2019,34,10,23,3,9
Cash Five,12,23,2019,11,3,5,35,9
Cash Five,12,24,2019,32,5,26,23,35
Cash Five,12,25,2019,9,3,23,6,19
Cash Five,12,26,2019,11,5,12,31,13
Cash Five,12,27,2019,8,7,32,6,33
Cash Five,12,28,2019,3,2,16,33,21
Cash Five,12,30,2019,32,20,3,10,1
Cash Five,12,31,2019,10,29,5,12,3
Cash Five,1,1,2020,1,7,20,24,9
Cash Five,1,2,2020,9,24,4,30,20
Cash Five,1,3,2020,7,4,1,3,8
Cash Five,1,4,2020,32,34,26,5,24
Cash Five,1,6,2020,6,22,20,9,4
Cash Five,1,7,2020,7,25,4,1,10
Cash Five,1,8,2020,11,21,32,23,33
Cash Five,1,9,2020,12,11,21,14,18
Cash Five,1,10,2020,31,33,32,5,30
Cash Five,1,11,2020,13,7,29,34,17
Cash Five,1,13,2020,5,6,22,12,34
Cash Five,1,14,2020,13,3,12,1,25
Cash Five,1,15,2020,13,27,25,1,21
Cash Five,1,16,2020,6,18,29,26,9
Cash Five,1,17,2020,29,2,10,19,31
Cash Five,1,18,2020,14,6,27,19,33
Cash Five,1,20,2020,30,18,6,12,34
Cash Five,1,21,2020,6,20,35,26,31
Cash Five,1,22,2020,14,18,16,13,17
Cash Five,1,23,2020,16,4,7,28,34
Cash Five,1,24,2020,19,22,1,31,4
Cash Five,1,25,2020,27,33,14,16,26
Cash Five,1,27,2020,31,20,22,25,6
Cash Five,1,28,2020,14,5,4,15,28
Cash Five,1,29,2020,29,18,3,28,24
Cash Five,1,30,2020,17,20,18,22,34
Cash Five,1,31,2020,21,24,12,20,29
Cash Five,2,1,2020,21,32,23,30,20
Cash Five,2,3,2020,8,9,13,30,32
Cash Five,2,4,2020,14,2,32,8,27
Cash Five,2,5,2020,34,4,2,33,10
Cash Five,2,6,2020,13,14,11,10,1
Cash Five,2,7,2020,11,22,25,29,15
Cash Five,2,8,2020,10,28,23,20,30
Cash Five,2,10,2020,27,8,30,13,12
Cash Five,2,11,2020,18,31,19,27,11
Cash Five,2,12,2020,10,19,14,13,4
Cash Five,2,13,2020,32,13,20,7,10
Cash Five,2,14,2020,20,2,6,4,8
Cash Five,2,15,2020,1,5,8,23,16
Cash Five,2,17,2020,11,25,2,32,5
Cash Five,2,18,2020,19,20,34,24,30
Cash Five,2,19,2020,34,10,20,29,6
Cash Five,2,20,2020,24,25,5,7,9
Cash Five,2,21,2020,20,30,3,23,1
Cash Five,2,22,2020,14,3,15,13,9
Cash Five,2,24,2020,5,33,34,30,2
Cash Five,2,25,2020,15,2,8,12,1
Cash Five,2,26,2020,10,25,13,19,22
Cash Five,2,27,2020,34,22,8,30,21
Cash Five,2,28,2020,7,20,21,29,33
Cash Five,2,29,2020,11,24,33,15,35
Cash Five,3,2,2020,31,19,26,11,3
Cash Five,3,3,2020,17,31,11,30,27
Cash Five,3,4,2020,3,10,6,20,28
Cash Five,3,5,2020,6,7,32,29,13
Cash Five,3,6,2020,8,32,34,24,6
Cash Five,3,7,2020,17,29,19,12,7
Cash Five,3,9,2020,10,18,32,24,17
Cash Five,3,10,2020,22,30,17,23,16
Cash Five,3,11,2020,17,23,11,29,16
Cash Five,3,12,2020,34,23,19,25,1
Cash Five,3,13,2020,19,14,20,3,22
Cash Five,3,14,2020,17,2,4,16,28
Cash Five,3,16,2020,32,9,34,11,24
Cash Five,3,17,2020,10,20,25,19,8
Cash Five,3,18,2020,23,1,15,32,9
Cash Five,3,19,2020,5,23,26,33,20
Cash Five,3,20,2020,9,32,14,5,1
Cash Five,3,21,2020,12,28,29,9,35
Cash Five,3,23,2020,10,5,19,11,16
Cash Five,3,24,2020,20,4,10,13,28
Cash Five,3,25,2020,3,10,18,11,32
Cash Five,3,26,2020,35,32,2,8,16
Cash Five,3,27,2020,2,4,12,3,27
Cash Five,3,28,2020,18,35,14,16,13
Cash Five,3,30,2020,22,12,34,25,13
Cash Five,3,31,2020,20,14,29,7,22
Cash Five,4,1,2020,2,35,15,11,24
Cash Five,4,2,2020,25,14,22,24,20
Cash Five,4,3,2020,6,20,32,24,14
Cash Five,4,4,2020,11,32,21,20,16
Cash Five,4,6,2020,18,32,30,21,14
Cash Five,4,7,2020,27,18,8,11,31
Cash Five,4,8,2020,8,9,3,1,10
Cash Five,4,9,2020,34,28,30,4,18
Cash Five,4,10,2020,32,10,18,11,13
Cash Five,4,11,2020,21,10,13,33,31
Cash Five,4,13,2020,11,3,13,4,35
Cash Five,4,14,2020,17,5,27,15,20
Cash Five,4,15,2020,29,21,18,8,5
Cash Five,4,16,2020,35,6,32,4,31
Cash Five,4,17,2020,2,13,19,1,33
Cash Five,4,18,2020,26,27,24,15,30
Cash Five,4,20,2020,23,33,9,2,26
Cash Five,4,21,2020,17,9,8,6,27
Cash Five,4,22,2020,19,28,14,2,7
Cash Five,4,23,2020,30,20,21,3,16
Cash Five,4,24,2020,14,34,35,24,15
Cash Five,4,25,2020,19,33,31,1,7
Cash Five,4,27,2020,9,15,34,6,16
Cash Five,4,28,2020,10,11,25,31,13
Cash Five,4,29,2020,18,24,30,13,4
Cash Five,4,30,2020,11,23,20,7,34
Cash Five,5,1,2020,2,10,16,31,32
Cash Five,5,2,2020,17,28,32,31,34
Cash Five,5,4,2020,27,11,18,1,7
Cash Five,5,5,2020,22,18,27,31,21
Cash Five,5,6,2020,12,34,32,21,19
Cash Five,5,7,2020,34,3,22,5,10
Cash Five,5,8,2020,29,26,13,31,25
Cash Five,5,9,2020,19,14,1,32,17
Cash Five,5,11,2020,3,18,21,22,16
Cash Five,5,12,2020,14,12,5,27,21
Cash Five,5,13,2020,22,10,9,26,16
Cash Five,5,14,2020,19,12,30,10,26
Cash Five,5,15,2020,4,11,17,10,26
Cash Five,5,16,2020,7,26,31,24,3
Cash Five,5,18,2020,28,16,8,22,2
Cash Five,5,19,2020,23,30,25,17,1
Cash Five,5,20,2020,15,16,3,1,11
Cash Five,5,21,2020,23,1,9,24,12
Cash Five,5,22,2020,6,15,1,4,33
Cash Five,5,23,2020,18,23,16,5,17
Cash Five,5,25,2020,10,24,21,11,25
Cash Five,5,26,2020,30,2,13,34,32
Cash Five,5,27,2020,13,25,34,28,19
Cash Five,5,28,2020,35,20,34,25,16
Cash Five,5,29,2020,4,26,11,24,29
Cash Five,5,30,2020,19,21,8,3,12
Cash Five,6,1,2020,6,1,13,12,10
Cash Five,6,2,2020,11,34,35,22,33
Cash Five,6,3,2020,8,28,15,16,19
Cash Five,6,4,2020,22,28,14,2,3
Cash Five,6,5,2020,4,21,1,3,2
Cash Five,6,6,2020,10,35,4,28,32
Cash Five,6,8,2020,33,12,15,6,8
Cash Five,6,9,2020,3,10,18,23,1
Cash Five,6,10,2020,8,23,5,12,10
Cash Five,6,11,2020,1,7,33,27,29
Cash Five,6,12,2020,29,33,19,8,23
Cash Five,6,13,2020,1,9,10,23,32
Cash Five,6,15,2020,24,8,22,25,6
Cash Five,6,16,2020,25,34,22,9,20
Cash Five,6,17,2020,23,10,2,18,26
Cash Five,6,18,2020,2,5,12,16,32
Cash Five,6,19,2020,4,13,5,10,19
Cash Five,6,20,2020,20,3,32,8,18
Cash Five,6,22,2020,27,25,17,8,10
Cash Five,6,23,2020,24,1,8,16,35
Cash Five,6,24,2020,18,24,19,15,7
Cash Five,6,25,2020,30,22,13,16,10
Cash Five,6,26,2020,13,3,19,8,1
Cash Five,6,27,2020,5,20,11,7,18
Cash Five,6,29,2020,15,35,14,4,27
Cash Five,6,30,2020,8,6,24,22,34
Cash Five,7,1,2020,20,29,16,32,13
Cash Five,7,2,2020,29,13,32,12,6
Cash Five,7,3,2020,25,13,22,32,34
Cash Five,7,4,2020,5,6,17,29,33
Cash Five,7,6,2020,15,24,2,3,35
Cash Five,7,7,2020,33,19,30,11,34
Cash Five,7,8,2020,33,17,11,19,18
Cash Five,7,9,2020,16,35,6,23,21
Cash Five,7,10,2020,18,35,11,26,22
Cash Five,7,11,2020,3,21,32,28,27
Cash Five,7,13,2020,12,30,24,25,10
Cash Five,7,14,2020,1,18,15,16,8
Cash Five,7,15,2020,4,19,3,35,21
Cash Five,7,16,2020,22,7,26,29,18
Cash Five,7,17,2020,28,35,4,25,8
Cash Five,7,18,2020,7,5,24,30,20
Cash Five,7,20,2020,21,13,18,30,17
Cash Five,7,21,2020,5,2,1,17,4
Cash Five,7,22,2020,1,2,13,24,33
Cash Five,7,23,2020,24,8,9,18,4
Cash Five,7,24,2020,17,29,16,18,9
Cash Five,7,25,2020,24,22,9,12,6
Cash Five,7,27,2020,19,13,33,23,11
Cash Five,7,28,2020,26,23,16,30,24
Cash Five,7,29,2020,2,15,28,25,6
Cash Five,7,30,2020,9,28,11,20,26
Cash Five,7,31,2020,18,7,6,11,34
Cash Five,8,1,2020,15,34,19,32,33
Cash Five,8,3,2020,35,22,15,28,16
Cash Five,8,4,2020,15,3,4,16,1
Cash Five,8,5,2020,14,6,32,33,24
Cash Five,8,6,2020,31,34,11,30,10
Cash Five,8,7,2020,33,31,25,10,12
Cash Five,8,8,2020,26,34,25,7,2
Cash Five,8,10,2020,19,5,25,2,32
Cash Five,8,11,2020,4,34,35,10,20
Cash Five,8,12,2020,13,16,31,7,4
Cash Five,8,13,2020,16,26,19,3,5
Cash Five,8,14,2020,26,20,29,3,16
Cash Five,8,15,2020,20,18,12,10,4
Cash Five,8,17,2020,1,25,22,16,19
Cash Five,8,18,2020,13,28,14,24,32
Cash Five,8,19,2020,21,11,15,28,18
Cash Five,8,20,2020,23,19,32,2,30
Cash Five,8,21,2020,29,35,9,24,3
Cash Five,8,22,2020,32,16,20,29,2
Cash Five,8,24,2020,15,5,29,17,27
Cash Five,8,25,2020,3,7,4,9,18
Cash Five,8,26,2020,22,16,29,21,3
Cash Five,8,27,2020,29,26,24,13,17
Cash Five,8,28,2020,20,1,8,17,28
Cash Five,8,29,2020,18,30,20,1,23
Cash Five,8,31,2020,11,28,20,29,7
Cash Five,9,1,2020,27,7,2,5,28
Cash Five,9,2,2020,35,32,31,8,14
Cash Five,9,3,2020,18,2,3,7,24
Cash Five,9,4,2020,11,34,18,16,10
Cash Five,9,5,2020,4,14,33,12,9
Cash Five,9,7,2020,5,3,9,33,30
Cash Five,9,8,2020,25,23,35,9,34
Cash Five,9,9,2020,34,3,18,8,14
Cash Five,9,10,2020,27,23,12,33,20
Cash Five,9,11,2020,31,17,16,15,1
Cash Five,9,12,2020,14,1,24,7,19
Cash Five,9,14,2020,15,26,1,24,2
Cash Five,9,15,2020,12,16,3,32,6
Cash Five,9,16,2020,7,10,11,31,15
Cash Five,9,17,2020,4,9,5,12,28
Cash Five,9,18,2020,23,6,31,20,9
Cash Five,9,19,2020,19,5,23,20,34
Cash Five,9,21,2020,4,1,35,25,8
Cash Five,9,22,2020,9,32,25,1,26
Cash Five,9,23,2020,18,15,7,26,4
Cash Five,9,24,2020,7,28,11,14,24
Cash Five,9,25,2020,3,24,14,7,28
Cash Five,9,26,2020,28,18,30,16,4
Cash Five,9,28,2020,25,15,21,19,1
Cash Five,9,29,2020,1,14,21,10,23
Cash Five,9,30,2020,28,2,34,25,1
Cash Five,10,1,2020,13,30,11,23,10
Cash Five,10,2,2020,7,29,26,27,15
Cash Five,10,3,2020,34,1,7,8,14
Cash Five,10,5,2020,4,23,3,21,6
Cash Five,10,6,2020,2,24,20,4,15
Cash Five,10,7,2020,27,26,31,32,4
Cash Five,10,8,2020,32,14,4,35,30
Cash Five,10,9,2020,34,33,22,30,2
Cash Five,10,10,2020,26,34,18,35,24
Cash Five,10,12,2020,22,29,4,27,19
Cash Five,10,13,2020,14,11,1,12,8
Cash Five,10,14,2020,17,21,18,32,23
Cash Five,10,15,2020,7,30,21,29,3
Cash Five,10,16,2020,30,5,23,4,3
Cash Five,10,17,2020,1,9,30,14,8
Cash Five,10,19,2020,29,33,15,2,28
Cash Five,10,20,2020,20,35,3,32,24
Cash Five,10,21,2020,19,35,12,27,20
Cash Five,10,22,2020,6,26,16,20,34
Cash Five,10,23,2020,2,28,30,35,18
Cash Five,10,24,2020,12,28,30,8,27
Cash Five,10,26,2020,9,24,7,6,35
Cash Five,10,27,2020,6,22,11,3,23
Cash Five,10,28,2020,13,21,28,22,29
Cash Five,10,29,2020,7,25,26,2,23
Cash Five,10,30,2020,21,4,34,26,12
Cash Five,10,31,2020,22,35,17,24,14
Cash Five,11,2,2020,27,24,26,9,2
Cash Five,11,3,2020,32,17,2,10,31
Cash Five,11,4,2020,14,35,18,12,33
Cash Five,11,5,2020,8,26,28,11,15
Cash Five,11,6,2020,26,8,25,34,23
Cash Five,11,7,2020,22,18,13,25,29
Cash Five,11,9,2020,2,33,12,28,5
Cash Five,11,10,2020,23,34,28,29,17
Cash Five,11,11,2020,12,1,27,3,4
Cash Five,11,12,2020,8,12,6,33,2
Cash Five,11,13,2020,30,8,6,2,21
Cash Five,11,14,2020,28,1,2,22,9
Cash Five,11,16,2020,10,35,22,2,16
Cash Five,11,17,2020,34,3,35,20,25
Cash Five,11,18,2020,14,33,21,17,23
Cash Five,11,19,2020,6,16,19,35,26
Cash Five,11,20,2020,9,4,6,29,30
Cash Five,11,21,2020,29,17,13,14,31
Cash Five,11,23,2020,28,4,23,17,16
Cash Five,11,24,2020,18,15,28,27,2
Cash Five,11,25,2020,34,29,19,22,16
Cash Five,11,26,2020,18,17,14,32,12
Cash Five,11,27,2020,16,10,32,14,26
Cash Five,11,28,2020,28,15,17,24,16
Cash Five,11,30,2020,14,29,6,4,32
Cash Five,12,1,2020,15,17,26,21,28
Cash Five,12,2,2020,4,21,24,13,19
Cash Five,12,3,2020,28,34,29,23,6
Cash Five,12,4,2020,16,23,19,30,8
Cash Five,12,5,2020,14,5,7,1,27
Cash Five,12,7,2020,5,35,17,29,19
Cash Five,12,8,2020,20,16,15,13,32
Cash Five,12,9,2020,14,1,3,25,20
Cash Five,12,10,2020,24,8,28,27,4
Cash Five,12,11,2020,3,8,18,20,19
Cash Five,12,12,2020,3,23,15,16,9
Cash Five,12,14,2020,4,6,11,20,34
Cash Five,12,15,2020,26,7,8,32,14
Cash Five,12,16,2020,14,11,25,9,8
Cash Five,12,17,2020,32,28,31,16,17
Cash Five,12,18,2020,8,3,31,5,6
Cash Five,12,19,2020,19,10,8,24,20
Cash Five,12,21,2020,23,22,35,9,28
Cash Five,12,22,2020,12,23,17,28,1
Cash Five,12,23,2020,26,8,35,17,16
Cash Five,12,24,2020,27,9,34,20,21
Cash Five,12,25,2020,6,34,9,13,35
Cash Five,12,26,2020,14,12,19,4,3
Cash Five,12,28,2020,32,5,7,15,17
Cash Five,12,29,2020,4,2,9,8,22
Cash Five,12,30,2020,34,20,11,12,10
Cash Five,12,31,2020,8,19,5,27,35
Cash Five,1,1,2021,14,17,21,7,22
Cash Five,1,2,2021,9,4,11,3,20
Cash Five,1,4,2021,15,35,31,1,23
Cash Five,1,5,2021,2,22,10,35,14
Cash Five,1,6,2021,35,14,6,29,24
Cash Five,1,7,2021,24,7,9,19,27
Cash Five,1,8,2021,15,6,25,16,2
Cash Five,1,9,2021,9,13,34,32,8
Cash Five,1,11,2021,34,14,24,23,21
Cash Five,1,12,2021,35,10,2,1,32
Cash Five,1,13,2021,23,15,27,5,19
Cash Five,1,14,2021,34,14,33,4,22
Cash Five,1,15,2021,15,7,23,19,2
Cash Five,1,16,2021,8,10,30,26,27
Cash Five,1,18,2021,19,24,8,20,35
Cash Five,1,19,2021,32,20,26,23,29
Cash Five,1,20,2021,32,22,15,5,33
Cash Five,1,21,2021,28,7,15,22,32
Cash Five,1,22,2021,30,9,6,26,10
Cash Five,1,23,2021,35,10,11,31,15
Cash Five,1,25,2021,27,30,33,21,8
Cash Five,1,26,2021,14,7,6,35,22
Cash Five,1,27,2021,17,6,28,34,23
Cash Five,1,28,2021,8,15,29,33,28
Cash Five,1,29,2021,13,1,23,15,25
Cash Five,1,30,2021,7,33,32,11,9
Cash Five,2,1,2021,29,20,24,2,32
Cash Five,2,2,2021,2,35,11,9,25
Cash Five,2,3,2021,35,18,4,28,21
Cash Five,2,4,2021,19,26,6,9,18
Cash Five,2,5,2021,19,31,24,27,14
Cash Five,2,6,2021,17,6,34,5,15
Cash Five,2,8,2021,20,19,32,30,22
Cash Five,2,9,2021,20,12,5,3,21
Cash Five,2,10,2021,23,20,1,31,10
Cash Five,2,11,2021,3,23,9,22,10
Cash Five,2,12,2021,5,32,3,13,10
Cash Five,2,13,2021,24,1,4,25,32
Cash Five,2,15,2021,21,9,23,16,33
Cash Five,2,16,2021,23,26,15,19,32
Cash Five,2,17,2021,1,21,28,15,22
Cash Five,2,18,2021,19,18,24,33,13
Cash Five,2,19,2021,8,12,5,9,23
Cash Five,2,20,2021,6,26,34,2,30
Cash Five,2,22,2021,27,2,9,21,29
Cash Five,2,23,2021,11,28,1,27,26
Cash Five,2,24,2021,35,18,31,16,19
Cash Five,2,25,2021,21,12,28,1,31
Cash Five,2,26,2021,27,2,25,8,6
Cash Five,2,27,2021,7,11,31,23,8
Cash Five,3,1,2021,31,27,33,13,20
Cash Five,3,2,2021,29,7,18,6,32
Cash Five,3,3,2021,22,20,34,14,6
Cash Five,3,4,2021,17,14,6,28,26
Cash Five,3,5,2021,25,7,35,23,16
Cash Five,3,6,2021,21,19,25,23,20
Cash Five,3,8,2021,9,2,11,27,28
Cash Five,3,9,2021,1,35,3,6,34
Cash Five,3,10,2021,3,13,18,12,15
Cash Five,3,11,2021,26,34,4,24,7
Cash Five,3,12,2021,26,2,9,34,18
Cash Five,3,13,2021,11,13,29,26,34
Cash Five,3,15,2021,29,2,6,10,32
Cash Five,3,16,2021,20,19,32,3,16
Cash Five,3,17,2021,9,33,15,19,7
Cash Five,3,18,2021,19,17,22,30,35
Cash Five,3,19,2021,15,9,28,21,2
Cash Five,3,20,2021,21,3,6,24,12
Cash Five,3,22,2021,1,15,13,32,12
Cash Five,3,23,2021,7,14,24,22,3
Cash Five,3,24,2021,14,11,9,23,27
Cash Five,3,25,2021,20,10,9,4,26
Cash Five,3,26,2021,33,21,15,35,25
Cash Five,3,27,2021,13,33,2,28,12
Cash Five,3,29,2021,19,29,22,18,21
Cash Five,3,30,2021,35,2,18,33,12
Cash Five,3,31,2021,7,35,33,23,25
Cash Five,4,1,2021,25,3,22,35,15
Cash Five,4,2,2021,31,7,5,16,28
Cash Five,4,3,2021,24,20,11,19,14
Cash Five,4,5,2021,3,2,25,11,15
Cash Five,4,6,2021,22,3,15,16,32
Cash Five,4,7,2021,19,3,30,24,5
Cash Five,4,8,2021,6,23,3,15,27
Cash Five,4,9,2021,10,22,19,4,1
Cash Five,4,10,2021,8,24,17,30,19
Cash Five,4,12,2021,24,19,33,35,16
Cash Five,4,13,2021,18,29,26,34,30
Cash Five,4,14,2021,6,26,30,4,9
Cash Five,4,15,2021,7,14,30,34,26
Cash Five,4,16,2021,13,8,34,30,9
Cash Five,4,17,2021,1,15,31,30,10
Cash Five,4,19,2021,10,3,28,6,21
Cash Five,4,20,2021,8,29,24,7,2
Cash Five,4,21,2021,34,14,18,3,5
Cash Five,4,22,2021,7,24,33,28,21
Cash Five,4,23,2021,21,1,4,6,30
Cash Five,4,24,2021,12,15,22,2,20
Cash Five,4,26,2021,33,5,27,11,14
Cash Five,4,27,2021,7,11,34,13,22
Cash Five,4,28,2021,31,25,3,20,35
Cash Five,4,29,2021,3,10,21,22,7
Cash Five,4,30,2021,31,2,3,32,7
Cash Five,5,1,2021,24,23,8,35,22
Cash Five,5,3,2021,30,18,7,23,28
Cash Five,5,4,2021,5,6,23,13,33
Cash Five,5,5,2021,16,18,6,17,25
Cash Five,5,6,2021,11,9,1,3,6
Cash Five,5,7,2021,11,24,34,6,25
Cash Five,5,8,2021,14,12,10,5,11
Cash Five,5,10,2021,15,14,3,5,16
Cash Five,5,11,2021,29,34,16,5,9
Cash Five,5,12,2021,30,18,22,20,3
Cash Five,5,13,2021,18,11,26,3,9
Cash Five,5,14,2021,10,15,35,21,28
Cash Five,5,15,2021,3,32,19,10,7
Cash Five,5,17,2021,35,8,15,18,23
Cash Five,5,18,2021,22,16,2,15,21
Cash Five,5,19,2021,13,10,11,9,29
Cash Five,5,20,2021,1,14,23,26,28
Cash Five,5,21,2021,32,18,7,33,8
Cash Five,5,22,2021,16,13,20,33,7
Cash Five,5,24,2021,29,25,11,26,7
Cash Five,5,25,2021,1,27,21,31,23
Cash Five,5,26,2021,5,24,21,12,20
Cash Five,5,27,2021,14,26,22,20,6
Cash Five,5,28,2021,12,15,35,14,4
Cash Five,5,29,2021,28,11,7,29,14
Cash Five,5,31,2021,21,13,20,33,6
Cash Five,6,1,2021,1,25,11,4,13
Cash Five,6,2,2021,20,6,29,8,11
Cash Five,6,3,2021,21,4,20,12,1
Cash Five,6,4,2021,23,24,20,2,18
Cash Five,6,5,2021,22,31,27,23,4
Cash Five,6,7,2021,17,18,7,34,28
Cash Five,6,8,2021,6,16,29,1,30
Cash Five,6,9,2021,30,15,16,6,12
Cash Five,6,10,2021,10,2,11,25,34
Cash Five,6,11,2021,35,7,6,23,13
Cash Five,6,12,2021,11,17,23,29,33
Cash Five,6,14,2021,14,22,24,18,16
Cash Five,6,15,2021,35,26,29,12,13
Cash Five,6,16,2021,28,23,33,30,6
Cash Five,6,17,2021,22,19,10,6,8
Cash Five,6,18,2021,12,30,28,5,25
Cash Five,6,19,2021,21,30,7,11,8
Cash Five,6,21,2021,25,24,17,14,26
Cash Five,6,22,2021,2,5,19,18,10
Cash Five,6,23,2021,24,33,19,27,35
Cash Five,6,24,2021,19,5,7,33,29
Cash Five,6,25,2021,25,22,32,23,35
Cash Five,6,26,2021,4,33,34,7,14
Cash Five,6,28,2021,33,31,4,26,20
Cash Five,6,29,2021,33,4,26,20,14
Cash Five,6,30,2021,15,19,27,25,16
Cash Five,7,1,2021,31,27,12,13,24
Cash Five,7,2,2021,35,3,26,31,17
Cash Five,7,3,2021,28,12,20,8,32
Cash Five,7,5,2021,30,27,29,23,28
Cash Five,7,6,2021,14,26,30,7,19
Cash Five,7,7,2021,9,16,3,25,4
Cash Five,7,8,2021,8,27,26,10,21
Cash Five,7,9,2021,25,14,17,35,11
Cash Five,7,10,2021,32,14,11,34,21
Cash Five,7,12,2021,21,7,23,34,25
Cash Five,7,13,2021,5,6,16,24,23
Cash Five,7,14,2021,9,22,8,3,25
Cash Five,7,15,2021,33,19,25,27,1
Cash Five,7,16,2021,5,10,20,25,19
Cash Five,7,17,2021,23,28,24,6,18
Cash Five,7,19,2021,12,30,29,14,7
Cash Five,7,20,2021,10,25,6,30,18
Cash Five,7,21,2021,21,30,1,16,29
Cash Five,7,22,2021,28,15,29,10,33
Cash Five,7,23,2021,28,4,6,3,15
Cash Five,7,24,2021,15,6,31,1,32
Cash Five,7,26,2021,29,1,30,5,11
Cash Five,7,27,2021,7,27,1,19,23
Cash Five,7,28,2021,15,22,7,30,5
Cash Five,7,29,2021,24,20,27,4,1
Cash Five,7,30,2021,35,17,11,25,23
Cash Five,7,31,2021,30,14,5,3,25
Cash Five,8,2,2021,20,1,24,4,33
Cash Five,8,3,2021,2,33,17,8,34
Cash Five,8,4,2021,31,28,17,23,27
Cash Five,8,5,2021,16,10,30,20,17
Cash Five,8,6,2021,26,29,6,4,2
Cash Five,8,7,2021,10,1,32,18,5
Cash Five,8,9,2021,21,30,34,16,8
Cash Five,8,10,2021,13,28,9,26,16
Cash Five,8,11,2021,11,13,35,20,4
Cash Five,8,12,2021,12,16,9,8,30
Cash Five,8,13,2021,14,19,18,4,11
Cash Five,8,14,2021,11,6,12,13,16
Cash Five,8,16,2021,18,30,7,6,1
Cash Five,8,17,2021,31,18,35,15,13
Cash Five,8,18,2021,22,5,2,10,16
Cash Five,8,19,2021,7,5,1,16,3
Cash Five,8,20,2021,9,26,29,20,5
Cash Five,8,21,2021,31,3,18,10,29
Cash Five,8,23,2021,19,12,16,24,28
Cash Five,8,24,2021,24,25,30,7,14
Cash Five,8,25,2021,8,4,16,21,26
Cash Five,8,26,2021,1,22,30,3,18
Cash Five,8,27,2021,32,28,2,35,33
Cash Five,8,28,2021,21,32,29,13,6
Cash Five,8,30,2021,27,8,19,24,29
Cash Five,8,31,2021,2,35,25,8,16
Cash Five,9,1,2021,15,1,13,26,12
Cash Five,9,2,2021,23,32,11,12,13
Cash Five,9,3,2021,6,5,4,16,31
Cash Five,9,4,2021,19,24,12,1,32
Cash Five,9,6,2021,11,4,23,7,26
Cash Five,9,7,2021,26,18,30,8,3
Cash Five,9,8,2021,27,9,19,12,22
Cash Five,9,9,2021,10,8,27,13,11
Cash Five,9,10,2021,11,29,1,5,22
Cash Five,9,11,2021,5,20,4,29,1
Cash Five,9,13,2021,29,35,10,27,17
Cash Five,9,14,2021,8,16,9,12,33
Cash Five,9,15,2021,7,31,9,35,11
Cash Five,9,16,2021,24,13,12,16,20
Cash Five,9,17,2021,35,1,15,10,6
Cash Five,9,18,2021,21,34,25,13,1
Cash Five,9,20,2021,13,2,16,29,27
Cash Five,9,21,2021,22,24,4,25,1
Cash Five,9,22,2021,26,8,23,10,24
Cash Five,9,23,2021,27,14,19,12,2
Cash Five,9,24,2021,13,5,32,35,29
Cash Five,9,25,2021,5,25,13,23,28
Cash Five,9,27,2021,8,34,17,9,5
Cash Five,9,28,2021,16,18,17,22,12
Cash Five,9,29,2021,14,3,7,34,18
Cash Five,9,30,2021,23,24,7,34,17
Cash Five,10,1,2021,24,30,3,27,12
Cash Five,10,2,2021,24,21,15,30,16
Cash Five,10,4,2021,23,34,6,26,18
Cash Five,10,5,2021,29,11,14,5,13
Cash Five,10,6,2021,20,35,23,28,7
Cash Five,10,7,2021,6,8,32,27,31
Cash Five,10,8,2021,4,19,13,14,12
Cash Five,10,9,2021,14,13,7,15,2
Cash Five,10,11,2021,24,5,7,31,16
Cash Five,10,12,2021,29,31,10,20,19
Cash Five,10,13,2021,15,6,22,18,7
Cash Five,10,14,2021,24,32,14,19,10
Cash Five,10,15,2021,25,16,30,35,10
Cash Five,10,16,2021,4,15,24,32,21
Cash Five,10,18,2021,16,3,23,1,32
Cash Five,10,19,2021,1,19,25,3,10
Cash Five,10,20,2021,19,15,30,26,24
Cash Five,10,21,2021,10,30,35,1,18
Cash Five,10,22,2021,33,22,19,12,2
Cash Five,10,23,2021,11,1,34,24,22
Cash Five,10,25,2021,17,3,15,20,19
Cash Five,10,26,2021,34,7,30,8,27
Cash Five,10,27,2021,22,9,33,18,35
Cash Five,10,28,2021,22,9,17,14,8
Cash Five,10,29,2021,7,19,4,6,35
Cash Five,10,30,2021,18,26,33,24,19
Cash Five,11,1,2021,10,12,11,23,27
Cash Five,11,2,2021,18,31,20,2,19
Cash Five,11,3,2021,13,14,31,28,7
Cash Five,11,4,2021,21,22,4,5,15
Cash Five,11,5,2021,35,19,2,29,9
Cash Five,11,6,2021,5,13,4,16,1
Cash Five,11,8,2021,34,26,21,18,9
Cash Five,11,9,2021,25,7,19,6,13
Cash Five,11,10,2021,24,20,29,7,27
Cash Five,11,11,2021,16,30,29,31,1
Cash Five,11,12,2021,32,35,29,17,18
Cash Five,11,13,2021,8,20,9,4,5
Cash Five,11,15,2021,35,13,24,31,34
Cash Five,11,16,2021,13,4,17,26,20
Cash Five,11,17,2021,24,8,4,31,29
Cash Five,11,18,2021,31,19,17,25,21
Cash Five,11,19,2021,26,14,21,4,16
Cash Five,11,20,2021,26,10,28,34,35
Cash Five,11,22,2021,11,30,29,18,2
Cash Five,11,23,2021,14,1,13,16,34
Cash Five,11,24,2021,3,29,33,23,18
Cash Five,11,25,2021,5,4,1,21,30
Cash Five,11,26,2021,13,14,31,11,15
Cash Five,11,27,2021,27,3,10,31,2
Cash Five,11,29,2021,9,4,6,13,12
Cash Five,11,30,2021,30,16,14,2,8
Cash Five,12,1,2021,19,13,27,2,9
Cash Five,12,2,2021,14,16,33,22,25
Cash Five,12,3,2021,35,15,4,34,1
Cash Five,12,4,2021,22,27,20,18,32
Cash Five,12,6,2021,25,18,1,35,28
Cash Five,12,7,2021,31,22,2,14,21
Cash Five,12,8,2021,13,7,27,31,18
Cash Five,12,9,2021,7,18,32,12,25
Cash Five,12,10,2021,9,18,24,22,2
Cash Five,12,11,2021,22,3,10,17,35
Cash Five,12,13,2021,13,7,30,10,32
Cash Five,12,14,2021,21,25,22,27,2
Cash Five,12,15,2021,32,7,8,2,10
Cash Five,12,16,2021,1,9,32,2,11
Cash Five,12,17,2021,11,6,21,30,14
Cash Five,12,18,2021,26,2,22,8,34
Cash Five,12,20,2021,9,35,17,18,4
Cash Five,12,21,2021,21,15,26,3,25
